pid.sameprot	num.sameprot	pid.adj	num.adj	pid.nonadj	num.nonadj	pid.diffprot	num.diffprot
0.529806058596452	3576	0.576991537992171	583	0.520614901066313	2993	NA	0
